shipment_id,customer_type,shipment_mode,product_category,planned_date,revenue,delivered_date,is_delayed
SH1000,VIP,Road,Furniture,2025-06-07,13022.26,2025-06-12,0
SH1001,New,Road,Electronics,2025-03-23,3828.88,2025-03-23,0
SH1002,VIP,Road,Electronics,2025-12-14,20160.61,2025-12-11,0
SH1003,VIP,Road,Clothing,2025-08-10,12475.97,2025-08-18,0
SH1004,New,Air,Electronics,2025-06-10,11758.14,2025-06-08,0
SH1005,New,Road,Clothing,2025-09-13,48033.28,2025-09-23,0
SH1006,VIP,Sea,Clothing,2025-06-12,31198.72,2025-06-12,0
SH1007,Returning,Sea,Furniture,2025-09-13,28287.04,2025-09-22,0
SH1008,VIP,Road,Furniture,2025-04-24,21372.98,2025-04-29,1
SH1009,VIP,Road,Furniture,2025-11-20,22018.27,2025-11-21,0
SH1010,VIP,Sea,Clothing,2025-02-26,27504.35,2025-02-26,0
SH1011,VIP,Sea,Furniture,2025-11-25,35125.06,2025-11-25,0
SH1012,New,Air,Electronics,2025-05-04,35405.16,2025-05-08,0
SH1013,VIP,Sea,Electronics,2025-02-01,9413.0,2025-02-03,0
SH1014,Returning,Sea,Clothing,2025-11-07,25505.52,2025-11-07,0
SH1015,New,Road,Clothing,2025-06-15,21185.95,2025-06-16,0
SH1016,Returning,Sea,Furniture,2025-02-24,43655.82,2025-02-26,0
SH1017,Returning,Air,Clothing,2025-11-20,31939.53,2025-11-12,0
SH1018,Returning,Sea,Clothing,2025-08-15,27092.7,2025-08-19,0
SH1019,Returning,Road,Electronics,2025-07-21,6654.34,2025-07-19,0
SH1020,New,Road,Electronics,2025-10-26,30676.26,2025-10-23,0
SH1021,New,Sea,Furniture,2025-12-24,6742.99,2025-12-18,0
SH1022,Returning,Road,Clothing,2025-09-05,17523.12,2025-08-30,0
SH1023,Returning,Air,Clothing,2025-10-21,7999.26,2025-10-17,0
SH1024,New,Air,Electronics,2025-02-05,34911.61,2025-02-04,0
SH1025,New,Sea,Clothing,2025-03-23,11106.35,2025-04-03,1
SH1026,New,Sea,Electronics,2025-10-05,20201.11,2025-10-05,0
SH1027,VIP,Sea,Furniture,2025-08-17,44888.06,2025-08-19,0
SH1028,VIP,Road,Electronics,2025-03-19,11011.5,2025-03-23,0
SH1029,VIP,Air,Clothing,2025-09-21,25882.45,2025-09-23,0
SH1030,Returning,Air,Furniture,2025-12-25,21544.31,2025-12-26,0
SH1031,VIP,Road,Electronics,2025-09-01,1888.08,2025-08-29,0
SH1032,Returning,Air,Electronics,2025-02-21,39845.15,2025-03-02,1
SH1033,Returning,Sea,Furniture,2025-04-10,4383.25,2025-04-21,0
SH1034,VIP,Sea,Furniture,2025-09-07,24238.5,2025-09-01,0
SH1035,Returning,Sea,Electronics,2025-06-23,28473.24,2025-06-20,0
SH1036,VIP,Air,Clothing,2025-01-17,31792.9,2025-01-17,0
SH1037,VIP,Sea,Electronics,2025-08-02,34742.95,2025-07-31,0
SH1038,New,Road,Furniture,2025-12-26,13410.35,2025-12-30,1
SH1039,VIP,Road,Electronics,2025-11-09,1488.96,2025-11-08,0
SH1040,New,Air,Furniture,2025-07-22,36448.74,2025-08-03,1
SH1041,VIP,Road,Furniture,2025-01-17,27247.17,2025-01-24,0
SH1042,VIP,Road,Clothing,2025-02-06,41969.77,2025-02-09,0
SH1043,New,Air,Furniture,2025-06-02,41248.03,2025-06-09,0
SH1044,New,Sea,Furniture,2025-01-10,42322.98,2025-01-17,0
SH1045,VIP,Sea,Clothing,2025-05-05,24769.64,2025-05-05,0
SH1046,Returning,Sea,Furniture,2025-02-22,17347.79,2025-02-20,0
SH1047,New,Air,Clothing,2025-09-02,39786.35,2025-09-04,0
SH1048,Returning,Road,Clothing,2025-10-02,23113.41,2025-10-08,0
SH1049,Returning,Sea,Furniture,2025-03-07,9988.67,2025-03-09,0
SH1050,Returning,Sea,Furniture,2025-06-12,42893.73,2025-06-07,0
SH1051,New,Air,Electronics,2025-08-15,44245.43,2025-08-13,0
SH1052,Returning,Sea,Clothing,2025-08-06,23849.18,2025-08-07,0
SH1053,New,Air,Electronics,2025-12-27,4709.29,2025-12-28,0
SH1054,Returning,Road,Furniture,2025-10-03,20003.48,2025-10-14,0
SH1055,VIP,Air,Electronics,2025-03-17,40373.35,2025-03-13,0
SH1056,VIP,Air,Clothing,2025-07-21,45186.93,2025-07-25,0
SH1057,New,Air,Electronics,2025-04-26,10970.16,2025-05-05,1
SH1058,VIP,Air,Clothing,2025-04-14,4281.71,2025-04-27,0
SH1059,VIP,Road,Furniture,2025-04-22,43990.17,2025-04-22,0
SH1060,Returning,Road,Furniture,2025-08-08,20080.84,2025-08-12,0
SH1061,New,Sea,Clothing,2025-05-15,27546.29,2025-05-19,0
SH1062,Returning,Road,Furniture,2025-06-20,48435.22,2025-06-22,0
SH1063,Returning,Road,Furniture,2025-12-14,4261.67,2025-12-15,0
SH1064,Returning,Sea,Furniture,2025-11-09,32767.58,2025-11-13,0
SH1065,Returning,Road,Furniture,2025-08-26,4631.17,2025-08-16,0
SH1066,Returning,Air,Clothing,2025-12-26,19397.98,2025-12-31,1
SH1067,Returning,Air,Electronics,2025-01-02,40386.91,2025-01-04,0
SH1068,Returning,Sea,Electronics,2025-09-24,22240.14,2025-09-24,0
SH1069,New,Sea,Furniture,2025-03-08,49861.94,2025-03-20,0
SH1070,VIP,Sea,Electronics,2025-12-01,28393.9,2025-11-30,0
SH1071,Returning,Air,Electronics,2025-10-20,16736.95,2025-10-20,0
SH1072,Returning,Road,Furniture,2025-03-06,11785.45,2025-03-17,0
SH1073,Returning,Air,Furniture,2025-07-20,18175.51,2025-07-18,0
SH1074,Returning,Sea,Electronics,2025-07-25,19254.13,2025-07-25,0
SH1075,Returning,Road,Clothing,2025-11-18,4366.97,2025-11-19,0
SH1076,Returning,Road,Furniture,2025-11-19,19109.14,2025-11-25,0
SH1077,VIP,Air,Clothing,2025-05-19,23747.69,2025-05-22,0
SH1078,VIP,Sea,Electronics,2025-11-24,36414.15,2025-11-20,0
SH1079,Returning,Air,Furniture,2025-12-10,33179.74,2025-12-10,0
SH1080,VIP,Road,Clothing,2025-08-24,35729.52,2025-08-23,0
SH1081,New,Air,Furniture,2025-12-09,1409.82,2025-12-10,0
SH1082,Returning,Air,Electronics,2025-04-05,11665.7,2025-04-09,0
SH1083,New,Sea,Clothing,2025-05-08,33422.53,2025-05-12,0
SH1084,New,Sea,Electronics,2025-07-09,24715.48,2025-07-03,0
SH1085,Returning,Road,Electronics,2025-08-18,1260.36,2025-08-25,0
SH1086,VIP,Air,Furniture,2025-10-20,40420.24,2025-10-23,0
SH1087,New,Air,Clothing,2025-06-12,38867.67,2025-06-20,0
SH1088,Returning,Air,Electronics,2025-02-07,27872.54,2025-02-11,0
SH1089,New,Road,Electronics,2025-03-13,4256.7,2025-03-20,0
SH1090,New,Road,Clothing,2025-03-27,38559.24,2025-03-31,1
SH1091,New,Sea,Electronics,2025-02-11,29601.97,2025-02-19,0
SH1092,New,Sea,Electronics,2025-08-06,39316.04,2025-08-10,0
SH1093,VIP,Sea,Clothing,2025-01-01,37835.6,2025-01-02,0
SH1094,New,Air,Clothing,2025-07-08,40347.1,2025-07-21,0
SH1095,New,Air,Clothing,2025-05-16,26382.4,2025-05-22,0
SH1096,New,Sea,Clothing,2025-11-05,7875.9,2025-11-09,0
SH1097,VIP,Air,Furniture,2025-04-06,33886.72,2025-04-02,0
SH1098,New,Sea,Clothing,2025-06-19,31403.22,2025-06-15,0
SH1099,New,Road,Furniture,2025-09-12,37370.41,2025-09-15,0
SH1100,VIP,Sea,Furniture,2025-11-14,9324.17,2025-11-16,0
SH1101,VIP,Road,Furniture,2025-07-16,10553.78,2025-07-15,0
SH1102,VIP,Air,Electronics,2025-01-13,44630.07,2025-01-15,0
SH1103,New,Sea,Furniture,2025-07-21,37748.91,2025-07-30,1
SH1104,VIP,Air,Furniture,2025-05-13,45503.2,2025-05-18,0
SH1105,VIP,Road,Electronics,2025-02-04,38177.05,2025-02-01,0
SH1106,New,Road,Electronics,2025-12-06,30260.61,2025-12-07,0
SH1107,VIP,Road,Electronics,2025-10-27,33052.5,2025-10-25,0
SH1108,New,Air,Clothing,2025-07-27,44567.27,2025-07-27,0
SH1109,Returning,Air,Electronics,2025-05-25,29361.53,2025-05-25,0
SH1110,VIP,Air,Electronics,2025-03-01,31987.17,2025-03-01,0
SH1111,Returning,Air,Furniture,2025-04-25,8667.36,2025-04-21,0
SH1112,New,Road,Electronics,2025-04-02,24222.14,2025-04-03,0
SH1113,VIP,Road,Clothing,2025-10-05,36103.46,2025-10-05,0
SH1114,New,Sea,Electronics,2025-03-09,14276.19,2025-02-25,0
SH1115,Returning,Sea,Clothing,2025-04-06,10910.45,2025-04-18,0
SH1116,New,Air,Electronics,2025-02-06,16377.51,2025-02-13,0
SH1117,VIP,Road,Electronics,2025-03-12,12833.53,2025-03-12,0
SH1118,VIP,Road,Electronics,2025-09-11,11530.72,2025-09-13,0
SH1119,Returning,Road,Electronics,2025-02-15,21817.69,2025-02-12,0
SH1120,New,Sea,Clothing,2025-12-12,45484.09,2025-12-22,0
SH1121,VIP,Sea,Clothing,2025-09-21,25845.92,2025-10-02,1
SH1122,Returning,Road,Furniture,2025-08-02,10208.1,2025-08-04,0
SH1123,VIP,Road,Clothing,2025-06-03,4771.61,2025-06-10,0
SH1124,VIP,Road,Electronics,2025-12-26,35111.65,2025-12-28,0
SH1125,New,Sea,Furniture,2025-05-24,19757.14,2025-05-20,0
SH1126,VIP,Road,Furniture,2025-10-01,41269.72,2025-10-01,0
SH1127,New,Road,Furniture,2025-05-03,33316.03,2025-05-05,0
SH1128,VIP,Air,Electronics,2025-04-02,40015.83,2025-04-02,0
SH1129,Returning,Air,Clothing,2025-09-19,14325.36,2025-09-19,0
SH1130,VIP,Sea,Electronics,2025-02-26,34925.59,2025-02-27,0
SH1131,New,Road,Furniture,2025-11-25,13939.04,2025-11-26,0
SH1132,New,Road,Electronics,2025-07-16,47014.36,2025-07-18,0
SH1133,Returning,Air,Electronics,2025-06-17,32182.34,2025-06-14,0
SH1134,VIP,Sea,Clothing,2025-05-12,16901.08,2025-05-11,0
SH1135,VIP,Air,Clothing,2025-11-15,14206.08,2025-11-11,0
SH1136,Returning,Air,Furniture,2025-11-03,10355.4,2025-11-09,0
SH1137,VIP,Air,Electronics,2025-01-20,35037.41,2025-01-12,0
SH1138,VIP,Air,Electronics,2025-02-02,11717.07,2025-02-09,0
SH1139,New,Road,Clothing,2025-03-08,30169.86,2025-03-16,0
SH1140,VIP,Road,Electronics,2025-08-15,13967.12,2025-08-15,0
SH1141,VIP,Air,Electronics,2025-07-06,33436.48,2025-06-25,0
SH1142,Returning,Sea,Electronics,2025-09-20,40932.05,2025-09-20,0
SH1143,Returning,Sea,Clothing,2025-12-01,39123.24,2025-12-02,0
SH1144,New,Sea,Furniture,2025-08-23,38281.72,2025-08-20,0
SH1145,VIP,Sea,Furniture,2025-07-03,10198.4,2025-07-03,0
SH1146,VIP,Air,Electronics,2025-04-26,5330.86,2025-05-05,1
SH1147,VIP,Road,Furniture,2025-09-15,35248.49,2025-09-20,0
SH1148,New,Sea,Clothing,2025-06-15,19049.01,2025-06-13,0
SH1149,New,Air,Clothing,2025-05-03,22184.97,2025-04-28,0
SH1150,Returning,Sea,Furniture,2025-09-21,2526.31,2025-09-21,0
SH1151,New,Sea,Furniture,2025-05-14,13719.25,2025-05-14,0
SH1152,VIP,Air,Electronics,2025-04-14,2650.14,2025-04-18,0
SH1153,VIP,Road,Furniture,2025-04-12,44080.1,2025-04-12,0
SH1154,New,Road,Electronics,2025-01-07,12926.44,2025-01-11,0
SH1155,VIP,Air,Electronics,2025-09-03,28309.52,2025-09-14,0
SH1156,VIP,Road,Clothing,2025-12-13,2909.99,2025-12-19,0
SH1157,New,Air,Clothing,2025-02-19,33675.52,2025-02-20,0
SH1158,New,Air,Clothing,2025-01-06,16828.34,2025-01-07,0
SH1159,VIP,Air,Clothing,2025-11-27,44998.04,2025-11-27,0
SH1160,VIP,Road,Furniture,2025-07-27,44517.79,2025-08-03,1
SH1161,VIP,Air,Clothing,2025-11-02,16939.24,2025-11-01,0
SH1162,Returning,Sea,Furniture,2025-08-14,45147.08,2025-08-16,0
SH1163,Returning,Road,Clothing,2025-06-14,49811.73,2025-06-16,0
SH1164,Returning,Road,Furniture,2025-04-21,41445.37,2025-04-21,0
SH1165,New,Road,Electronics,2025-08-03,42398.7,2025-07-30,0
SH1166,Returning,Road,Furniture,2025-03-14,13201.43,2025-03-17,0
SH1167,New,Sea,Furniture,2025-11-20,29258.42,2025-11-21,0
SH1168,New,Road,Clothing,2025-01-25,4295.54,2025-01-29,1
SH1169,Returning,Road,Furniture,2025-08-24,5650.98,2025-08-24,0
SH1170,Returning,Air,Electronics,2025-10-06,49945.74,2025-10-14,0
SH1171,Returning,Road,Electronics,2025-07-22,17005.32,2025-07-20,0
SH1172,VIP,Sea,Clothing,2025-09-19,37661.01,2025-09-29,1
SH1173,Returning,Sea,Electronics,2025-03-03,40526.59,2025-02-25,0
SH1174,VIP,Sea,Furniture,2025-10-19,43043.14,2025-10-23,0
SH1175,New,Sea,Electronics,2025-09-20,49883.79,2025-09-24,0
SH1176,VIP,Road,Clothing,2025-07-14,12833.33,2025-07-13,0
SH1177,Returning,Road,Furniture,2025-09-27,2977.19,2025-10-01,1
SH1178,New,Sea,Clothing,2025-12-23,21148.38,2025-12-31,1
SH1179,New,Sea,Furniture,2025-09-19,7373.95,2025-09-10,0
SH1180,New,Road,Electronics,2025-04-14,2098.87,2025-04-18,0
SH1181,VIP,Sea,Clothing,2025-08-06,18660.91,2025-07-27,0
SH1182,Returning,Air,Clothing,2025-05-04,39403.17,2025-05-02,0
SH1183,New,Sea,Furniture,2025-08-17,28742.85,2025-08-27,0
SH1184,New,Sea,Clothing,2025-09-01,16326.12,2025-09-01,0
SH1185,New,Air,Furniture,2025-08-20,33062.76,2025-08-17,0
SH1186,VIP,Air,Furniture,2025-09-14,12368.89,2025-09-15,0
SH1187,VIP,Road,Furniture,2025-11-21,1704.69,2025-12-03,1
SH1188,Returning,Road,Furniture,2025-03-09,38453.32,2025-03-02,0
SH1189,VIP,Air,Electronics,2025-11-14,31563.41,2025-11-11,0
SH1190,New,Air,Furniture,2025-09-04,38352.83,2025-09-13,0
SH1191,Returning,Road,Clothing,2025-11-04,2907.96,2025-11-15,0
SH1192,New,Sea,Electronics,2025-12-08,42018.86,2025-12-09,0
SH1193,New,Air,Clothing,2025-02-09,31356.78,2025-02-05,0
SH1194,VIP,Road,Electronics,2025-06-09,28606.37,2025-06-21,0
SH1195,Returning,Sea,Furniture,2025-08-23,31606.09,2025-09-01,1
SH1196,VIP,Air,Electronics,2025-01-16,43357.23,2025-01-21,0
SH1197,VIP,Sea,Electronics,2025-12-03,29759.89,2025-12-01,0
SH1198,Returning,Road,Clothing,2025-11-14,29466.57,2025-11-15,0
SH1199,New,Air,Clothing,2025-02-21,49543.28,2025-02-22,0
SH1200,New,Sea,Furniture,2025-05-05,38079.78,2025-05-08,0
SH1201,Returning,Air,Electronics,2025-04-05,22672.4,2025-04-14,0
SH1202,New,Sea,Electronics,2025-03-12,35662.45,2025-03-18,0
SH1203,Returning,Road,Electronics,2025-01-21,20072.29,2025-01-18,0
SH1204,Returning,Road,Furniture,2025-09-09,12214.9,2025-09-17,0
SH1205,VIP,Air,Furniture,2025-04-03,30245.74,2025-04-06,0
SH1206,Returning,Sea,Furniture,2025-01-02,46480.92,2025-01-07,0
SH1207,VIP,Air,Furniture,2025-08-01,46527.84,2025-08-10,0
SH1208,New,Air,Furniture,2025-08-13,17753.36,2025-08-10,0
SH1209,New,Sea,Clothing,2025-07-15,26856.2,2025-07-16,0
SH1210,New,Sea,Electronics,2025-08-12,11370.16,2025-08-12,0
SH1211,New,Sea,Electronics,2025-06-12,49785.92,2025-06-07,0
SH1212,VIP,Road,Electronics,2025-09-19,49074.78,2025-09-22,0
SH1213,New,Air,Electronics,2025-10-20,32825.94,2025-11-03,1
SH1214,Returning,Air,Electronics,2025-06-08,40416.29,2025-06-01,0
SH1215,Returning,Road,Electronics,2025-05-19,36039.91,2025-05-20,0
SH1216,Returning,Sea,Electronics,2025-06-20,30064.75,2025-06-25,0
SH1217,VIP,Road,Electronics,2025-09-19,3614.05,2025-09-21,0
SH1218,New,Road,Clothing,2025-04-23,23283.45,2025-04-24,0
SH1219,New,Road,Electronics,2025-07-04,34064.53,2025-06-30,0
SH1220,New,Air,Clothing,2025-06-12,34199.05,2025-06-15,0
SH1221,VIP,Road,Furniture,2025-03-22,19283.01,2025-03-21,0
SH1222,Returning,Air,Electronics,2025-12-02,47142.91,2025-11-24,0
SH1223,Returning,Air,Furniture,2025-08-02,9200.49,2025-08-09,0
SH1224,New,Air,Furniture,2025-11-23,25517.61,2025-11-29,1
SH1225,Returning,Sea,Furniture,2025-09-01,34853.31,2025-09-03,0
SH1226,Returning,Air,Clothing,2025-08-23,35159.65,2025-08-26,0
SH1227,VIP,Air,Furniture,2025-06-06,32783.31,2025-06-13,0
SH1228,VIP,Sea,Furniture,2025-06-25,14489.12,2025-06-28,0
SH1229,VIP,Air,Furniture,2025-02-17,8654.12,2025-02-23,0
SH1230,VIP,Road,Electronics,2025-12-06,32161.08,2025-12-06,0
SH1231,New,Road,Electronics,2025-10-27,30365.8,2025-11-04,1
SH1232,VIP,Air,Clothing,2025-08-19,9788.44,2025-08-22,0
SH1233,Returning,Sea,Clothing,2025-12-10,35551.82,2025-12-12,0
SH1234,New,Road,Electronics,2025-01-25,23303.43,2025-01-21,0
SH1235,Returning,Sea,Clothing,2025-01-03,33720.27,2025-01-06,0
SH1236,Returning,Sea,Electronics,2025-08-14,42030.99,2025-08-12,0
SH1237,Returning,Road,Furniture,2025-03-16,9316.69,2025-03-15,0
SH1238,VIP,Sea,Furniture,2025-04-24,1938.1,2025-04-22,0
SH1239,VIP,Road,Clothing,2025-01-13,39176.03,2025-01-10,0
SH1240,New,Sea,Electronics,2025-06-17,30875.17,2025-06-29,1
SH1241,New,Road,Electronics,2025-01-08,35282.34,2025-01-16,0
SH1242,VIP,Air,Clothing,2025-11-20,42069.59,2025-12-01,1
SH1243,Returning,Road,Electronics,2025-12-01,40337.74,2025-11-27,0
SH1244,New,Road,Furniture,2025-10-07,48085.09,2025-10-09,0
SH1245,VIP,Road,Clothing,2025-05-21,27260.82,2025-05-17,0
SH1246,VIP,Road,Clothing,2025-01-10,24936.29,2025-01-09,0
SH1247,VIP,Sea,Electronics,2025-11-22,20692.47,2025-11-20,0
SH1248,Returning,Air,Clothing,2025-09-09,8530.86,2025-09-17,0
SH1249,VIP,Road,Electronics,2025-08-05,29057.75,2025-08-05,0
SH1250,VIP,Sea,Electronics,2025-01-09,14573.61,2025-01-16,0
SH1251,VIP,Air,Electronics,2025-01-24,46144.07,2025-01-29,1
SH1252,VIP,Air,Electronics,2025-05-19,29576.35,2025-06-01,1
SH1253,New,Air,Electronics,2025-11-07,30049.17,2025-11-02,0
SH1254,New,Air,Clothing,2025-07-09,18391.31,2025-07-17,0
SH1255,VIP,Road,Furniture,2025-07-13,3547.48,2025-07-20,0
SH1256,Returning,Road,Furniture,2025-11-14,2555.44,2025-11-12,0
SH1257,New,Sea,Clothing,2025-03-11,21743.42,2025-03-18,0
SH1258,VIP,Sea,Clothing,2025-01-08,5143.7,2025-01-11,0
SH1259,New,Sea,Furniture,2025-12-19,30735.5,2025-12-19,0
SH1260,New,Air,Furniture,2025-12-08,44167.68,2025-12-06,0
SH1261,Returning,Air,Furniture,2025-08-21,44262.83,2025-08-20,0
SH1262,VIP,Road,Furniture,2025-12-16,33293.23,2025-12-28,0
SH1263,VIP,Air,Furniture,2025-01-13,11350.36,2025-01-15,0
SH1264,Returning,Air,Electronics,2025-10-07,43286.84,2025-10-12,0
SH1265,Returning,Air,Clothing,2025-12-26,44418.58,2025-12-25,0
SH1266,VIP,Sea,Electronics,2025-05-08,10636.03,2025-05-07,0
SH1267,VIP,Sea,Furniture,2025-09-27,37133.88,2025-10-04,1
SH1268,Returning,Road,Furniture,2025-07-13,15039.46,2025-07-09,0
SH1269,New,Air,Furniture,2025-07-17,40329.38,2025-07-17,0
SH1270,New,Air,Electronics,2025-04-18,49864.66,2025-04-20,0
SH1271,Returning,Road,Electronics,2025-02-02,2471.27,2025-02-04,0
SH1272,New,Air,Furniture,2025-04-01,44970.93,2025-04-02,0
SH1273,Returning,Air,Electronics,2025-04-18,31508.9,2025-04-21,0
SH1274,New,Sea,Electronics,2025-05-19,48695.75,2025-05-24,0
SH1275,New,Road,Furniture,2025-12-08,23785.47,2025-12-13,0
SH1276,VIP,Road,Electronics,2025-04-17,42522.01,2025-04-15,0
SH1277,VIP,Road,Clothing,2025-01-12,4057.31,2025-01-12,0
SH1278,New,Road,Clothing,2025-10-19,17428.67,2025-10-26,0
SH1279,New,Sea,Clothing,2025-09-07,4283.81,2025-09-13,0
SH1280,VIP,Sea,Clothing,2025-02-09,48791.81,2025-02-05,0
SH1281,VIP,Air,Furniture,2025-10-02,41031.72,2025-10-05,0
SH1282,VIP,Air,Furniture,2025-03-11,42774.82,2025-03-04,0
SH1283,Returning,Air,Furniture,2025-10-14,46960.3,2025-10-16,0
SH1284,New,Air,Clothing,2025-02-19,5170.07,2025-03-02,1
SH1285,VIP,Sea,Clothing,2025-06-09,19894.28,2025-06-07,0
SH1286,New,Road,Electronics,2025-09-07,4480.71,2025-09-05,0
SH1287,Returning,Sea,Electronics,2025-12-03,11328.86,2025-12-08,0
SH1288,Returning,Air,Clothing,2025-04-06,12238.92,2025-04-01,0
SH1289,VIP,Sea,Clothing,2025-11-21,23986.25,2025-11-20,0
SH1290,Returning,Road,Clothing,2025-02-06,14159.55,2025-02-10,0
SH1291,New,Road,Clothing,2025-03-16,5947.93,2025-03-15,0
SH1292,VIP,Sea,Electronics,2025-08-02,9207.06,2025-08-02,0
SH1293,New,Sea,Clothing,2025-01-09,8216.5,2025-01-14,0
SH1294,New,Sea,Electronics,2025-12-03,48680.76,2025-12-07,0
SH1295,Returning,Air,Clothing,2025-11-01,38205.33,2025-11-04,0
SH1296,Returning,Sea,Clothing,2025-07-13,48420.31,2025-07-13,0
SH1297,Returning,Sea,Clothing,2025-10-05,22547.28,2025-10-08,0
SH1298,Returning,Sea,Electronics,2025-05-17,14640.06,2025-05-18,0
SH1299,Returning,Road,Electronics,2025-09-23,40116.37,2025-09-27,0
SH1300,VIP,Road,Furniture,2025-08-25,16986.44,2025-08-25,0
SH1301,New,Air,Clothing,2025-06-21,15669.79,2025-06-22,0
SH1302,New,Air,Furniture,2025-06-11,12392.79,2025-06-09,0
SH1303,New,Road,Furniture,2025-02-04,7354.27,2025-02-05,0
SH1304,New,Road,Electronics,2025-03-13,13566.69,2025-03-11,0
SH1305,Returning,Road,Electronics,2025-07-09,18410.67,2025-07-06,0
SH1306,New,Sea,Furniture,2025-05-06,34025.72,2025-05-09,0
SH1307,VIP,Sea,Clothing,2025-10-12,4065.68,2025-10-15,0
SH1308,VIP,Road,Electronics,2025-02-03,11314.84,2025-02-08,0
SH1309,New,Sea,Clothing,2025-03-12,40642.16,2025-03-12,0
SH1310,New,Sea,Clothing,2025-09-23,8199.17,2025-09-27,0
SH1311,VIP,Air,Furniture,2025-08-11,17789.61,2025-08-15,0
SH1312,VIP,Road,Furniture,2025-10-27,43368.29,2025-10-31,1
SH1313,Returning,Road,Furniture,2025-09-22,8591.34,2025-09-20,0
SH1314,VIP,Sea,Furniture,2025-04-01,5054.1,2025-04-03,0
SH1315,Returning,Road,Electronics,2025-08-07,24742.36,2025-08-10,0
SH1316,Returning,Air,Electronics,2025-02-24,15818.56,2025-02-26,0
SH1317,Returning,Air,Furniture,2025-12-05,28607.01,2025-11-27,0
SH1318,Returning,Air,Electronics,2025-07-04,40386.44,2025-07-06,0
SH1319,Returning,Road,Furniture,2025-05-24,7720.28,2025-06-06,1
SH1320,New,Road,Clothing,2025-01-01,29454.26,2025-01-01,0
SH1321,VIP,Road,Clothing,2025-04-19,25769.93,2025-04-18,0
SH1322,Returning,Road,Clothing,2025-10-18,8059.86,2025-10-21,0
SH1323,VIP,Road,Furniture,2025-12-03,31575.93,2025-12-06,0
SH1324,VIP,Air,Clothing,2025-11-15,14408.38,2025-11-22,0
SH1325,Returning,Sea,Electronics,2025-11-11,24903.88,2025-11-07,0
SH1326,New,Air,Clothing,2025-01-17,5031.34,2025-01-22,0
SH1327,Returning,Road,Clothing,2025-06-05,23519.62,2025-06-09,0
SH1328,New,Air,Clothing,2025-08-02,16016.71,2025-08-03,0
SH1329,VIP,Road,Electronics,2025-04-24,41296.68,2025-04-27,0
SH1330,New,Road,Furniture,2025-12-06,3791.96,2025-12-13,0
SH1331,New,Air,Electronics,2025-01-04,21511.76,2025-01-10,0
SH1332,New,Road,Furniture,2025-01-13,23463.14,2025-01-10,0
SH1333,VIP,Sea,Furniture,2025-02-05,36525.3,2025-02-11,0
SH1334,VIP,Road,Clothing,2025-08-24,29140.09,2025-08-25,0
SH1335,New,Sea,Furniture,2025-11-03,33693.4,2025-11-05,0
SH1336,New,Sea,Electronics,2025-11-13,39075.41,2025-11-15,0
SH1337,Returning,Road,Electronics,2025-04-26,43247.95,2025-04-27,0
SH1338,New,Air,Furniture,2025-11-14,16379.9,2025-11-21,0
SH1339,Returning,Sea,Clothing,2025-06-11,27363.11,2025-06-12,0
SH1340,New,Air,Clothing,2025-11-10,42165.3,2025-11-07,0
SH1341,Returning,Sea,Electronics,2025-03-18,49483.11,2025-03-18,0
SH1342,VIP,Road,Clothing,2025-06-27,44586.45,2025-06-29,1
SH1343,New,Road,Furniture,2025-05-10,19201.9,2025-05-18,0
SH1344,New,Sea,Furniture,2025-05-26,10563.16,2025-05-31,1
SH1345,New,Road,Electronics,2025-05-10,24980.23,2025-05-08,0
SH1346,New,Sea,Furniture,2025-12-05,37340.43,2025-12-19,0
SH1347,Returning,Road,Electronics,2025-03-23,25135.88,2025-03-26,0
SH1348,New,Air,Furniture,2025-06-04,24675.86,2025-06-12,0
SH1349,VIP,Road,Electronics,2025-02-09,42073.29,2025-02-10,0
SH1350,VIP,Air,Clothing,2025-01-13,18708.79,2025-01-17,0
SH1351,New,Road,Furniture,2025-11-15,43129.94,2025-11-21,0
SH1352,VIP,Air,Furniture,2025-04-17,20933.44,2025-04-25,0
SH1353,New,Road,Electronics,2025-06-04,17083.42,2025-06-11,0
SH1354,New,Air,Electronics,2025-05-05,23245.51,2025-05-11,0
SH1355,VIP,Sea,Furniture,2025-09-17,38359.9,2025-09-17,0
SH1356,New,Sea,Electronics,2025-02-13,7174.1,2025-02-13,0
SH1357,VIP,Air,Furniture,2025-06-21,10624.54,2025-06-24,0
SH1358,Returning,Road,Clothing,2025-11-23,47620.8,2025-11-29,1
SH1359,New,Air,Electronics,2025-03-03,9599.09,2025-03-03,0
SH1360,Returning,Road,Furniture,2025-10-02,28818.64,2025-10-09,0
SH1361,VIP,Sea,Clothing,2025-03-26,29386.41,2025-04-04,1
SH1362,Returning,Road,Clothing,2025-01-21,24991.6,2025-01-19,0
SH1363,Returning,Sea,Furniture,2025-12-21,32592.52,2025-12-19,0
SH1364,VIP,Road,Electronics,2025-12-11,12261.51,2025-12-12,0
SH1365,Returning,Road,Furniture,2025-07-04,28080.45,2025-07-07,0
SH1366,Returning,Road,Clothing,2025-03-01,19236.49,2025-03-01,0
SH1367,VIP,Air,Furniture,2025-12-24,33421.7,2026-01-01,1
SH1368,Returning,Air,Electronics,2025-03-13,7919.95,2025-03-17,0
SH1369,VIP,Sea,Clothing,2025-02-11,28972.99,2025-02-13,0
SH1370,Returning,Sea,Furniture,2025-04-19,10078.25,2025-04-14,0
SH1371,VIP,Air,Electronics,2025-01-03,14653.51,2024-12-30,0
SH1372,VIP,Sea,Clothing,2025-12-18,11716.78,2025-12-21,0
SH1373,Returning,Air,Electronics,2025-08-22,9959.05,2025-08-14,0
SH1374,Returning,Road,Clothing,2025-09-24,41459.84,2025-10-01,1
SH1375,Returning,Sea,Furniture,2025-10-19,14999.67,2025-10-20,0
SH1376,New,Sea,Electronics,2025-05-07,46429.07,2025-05-25,0
SH1377,New,Air,Clothing,2025-05-08,48526.4,2025-05-21,0
SH1378,New,Sea,Electronics,2025-12-05,28991.76,2025-12-06,0
SH1379,VIP,Sea,Electronics,2025-01-05,8007.06,2025-01-06,0
SH1380,Returning,Road,Furniture,2025-04-22,19352.86,2025-04-28,0
SH1381,VIP,Sea,Electronics,2025-03-27,40088.88,2025-04-06,1
SH1382,New,Road,Clothing,2025-05-02,19002.15,2025-04-26,0
SH1383,Returning,Air,Clothing,2025-11-22,5263.84,2025-11-16,0
SH1384,VIP,Sea,Clothing,2025-12-22,28282.46,2025-12-21,0
SH1385,Returning,Road,Clothing,2025-05-22,42410.92,2025-05-26,0
SH1386,VIP,Air,Furniture,2025-11-07,40000.39,2025-11-11,0
SH1387,Returning,Sea,Electronics,2025-12-05,9581.03,2025-12-12,0
SH1388,New,Air,Furniture,2025-01-24,33965.47,2025-01-21,0
SH1389,New,Sea,Electronics,2025-04-09,11804.71,2025-03-31,0
SH1390,Returning,Air,Electronics,2025-10-12,11692.17,2025-10-18,0
SH1391,VIP,Air,Electronics,2025-06-17,43829.52,2025-06-15,0
SH1392,New,Road,Furniture,2025-03-19,13233.78,2025-03-11,0
SH1393,New,Air,Electronics,2025-10-16,13899.12,2025-10-18,0
SH1394,New,Sea,Furniture,2025-12-12,1032.02,2025-12-17,0
SH1395,Returning,Sea,Clothing,2025-04-06,43662.78,2025-04-07,0
SH1396,Returning,Road,Clothing,2025-07-26,39837.15,2025-07-26,0
SH1397,VIP,Sea,Electronics,2025-04-06,31739.12,2025-04-07,0
SH1398,VIP,Sea,Furniture,2025-11-01,37763.02,2025-11-01,0
SH1399,VIP,Sea,Clothing,2025-08-23,8450.38,2025-08-19,0
SH1400,Returning,Air,Furniture,2025-11-11,23457.86,2025-11-10,0
SH1401,Returning,Air,Furniture,2025-09-19,18209.75,2025-09-23,0
SH1402,VIP,Sea,Electronics,2025-02-17,5595.05,2025-02-20,0
SH1403,VIP,Road,Clothing,2025-03-21,24820.39,2025-03-23,0
SH1404,Returning,Air,Electronics,2025-11-18,46116.24,2025-11-16,0
SH1405,VIP,Road,Electronics,2025-12-19,2962.9,2025-12-20,0
SH1406,New,Sea,Clothing,2025-04-07,15281.58,2025-03-30,0
SH1407,Returning,Sea,Clothing,2025-03-16,11169.51,2025-03-18,0
SH1408,VIP,Air,Furniture,2025-09-08,12669.19,2025-09-17,0
SH1409,Returning,Sea,Clothing,2025-04-13,45513.29,2025-04-08,0
SH1410,New,Air,Furniture,2025-01-17,23935.38,2025-01-17,0
SH1411,Returning,Sea,Furniture,2025-01-01,23848.67,2025-01-04,0
SH1412,Returning,Sea,Furniture,2025-08-19,38268.21,2025-08-27,0
SH1413,Returning,Air,Clothing,2025-06-03,8570.12,2025-06-03,0
SH1414,Returning,Air,Electronics,2025-11-05,24876.0,2025-11-04,0
SH1415,New,Air,Furniture,2025-07-16,22069.28,2025-07-09,0
SH1416,Returning,Sea,Electronics,2025-02-22,30248.62,2025-02-24,0
SH1417,Returning,Sea,Electronics,2025-06-11,49978.33,2025-06-23,0
SH1418,VIP,Road,Clothing,2025-03-22,38703.0,2025-03-25,0
SH1419,Returning,Air,Electronics,2025-10-10,20495.42,2025-10-11,0
SH1420,VIP,Sea,Electronics,2025-05-16,41550.1,2025-05-19,0
SH1421,New,Sea,Clothing,2025-12-02,9364.71,2025-12-03,0
SH1422,New,Air,Furniture,2025-09-24,2492.72,2025-09-22,0
SH1423,New,Road,Electronics,2025-03-24,11017.97,2025-03-30,1
SH1424,New,Air,Clothing,2025-09-15,17680.17,2025-09-18,0
SH1425,VIP,Road,Electronics,2025-03-19,26018.46,2025-03-21,0
SH1426,Returning,Sea,Electronics,2025-02-08,31141.33,2025-02-06,0
SH1427,New,Road,Furniture,2025-10-17,45619.68,2025-10-25,0
SH1428,Returning,Sea,Electronics,2025-08-07,25982.85,2025-08-12,0
SH1429,VIP,Air,Clothing,2025-07-03,25562.51,2025-07-03,0
SH1430,VIP,Air,Electronics,2025-01-04,3461.91,2025-01-11,0
SH1431,VIP,Air,Furniture,2025-09-05,2710.67,2025-09-05,0
SH1432,New,Road,Furniture,2025-01-15,28006.84,2025-01-14,0
SH1433,Returning,Sea,Clothing,2025-05-13,22470.75,2025-05-12,0
SH1434,Returning,Air,Furniture,2025-08-08,42119.84,2025-08-02,0
SH1435,Returning,Air,Electronics,2025-05-09,8873.3,2025-05-13,0
SH1436,VIP,Sea,Furniture,2025-01-04,2223.61,2024-12-28,0
SH1437,New,Air,Clothing,2025-03-02,23002.9,2025-02-26,0
SH1438,VIP,Sea,Furniture,2025-08-23,12636.45,2025-08-15,0
SH1439,VIP,Sea,Furniture,2025-09-02,3431.1,2025-09-03,0
SH1440,Returning,Sea,Furniture,2025-04-06,36505.32,2025-04-07,0
SH1441,VIP,Sea,Clothing,2025-11-03,6468.06,2025-11-03,0
SH1442,Returning,Sea,Furniture,2025-08-03,30807.66,2025-07-31,0
SH1443,New,Road,Furniture,2025-12-13,14771.44,2025-12-10,0
SH1444,Returning,Air,Electronics,2025-02-13,9501.31,2025-02-17,0
SH1445,New,Road,Clothing,2025-03-27,19607.82,2025-03-27,0
SH1446,Returning,Air,Furniture,2025-06-16,40270.84,2025-06-19,0
SH1447,VIP,Road,Clothing,2025-02-08,20212.59,2025-02-06,0
SH1448,VIP,Sea,Furniture,2025-01-23,37787.71,2025-01-25,0
SH1449,New,Air,Furniture,2025-02-10,7148.83,2025-02-18,0
SH1450,New,Air,Furniture,2025-12-16,38865.8,2025-12-20,0
SH1451,New,Road,Electronics,2025-06-02,12609.73,2025-06-02,0
SH1452,Returning,Road,Electronics,2025-02-26,34192.26,2025-03-01,1
SH1453,Returning,Air,Electronics,2025-08-15,28723.3,2025-08-15,0
SH1454,New,Road,Clothing,2025-12-02,46528.09,2025-12-04,0
SH1455,VIP,Road,Clothing,2025-07-03,19978.8,2025-07-03,0
SH1456,Returning,Road,Electronics,2025-08-23,4242.09,2025-08-24,0
SH1457,Returning,Sea,Clothing,2025-08-23,1938.62,2025-08-26,0
SH1458,Returning,Sea,Furniture,2025-11-22,41516.07,2025-11-20,0
SH1459,New,Road,Furniture,2025-07-21,26712.05,2025-07-18,0
SH1460,New,Road,Furniture,2025-07-01,38986.96,2025-06-27,0
SH1461,New,Sea,Electronics,2025-01-09,12486.85,2025-01-03,0
SH1462,New,Sea,Clothing,2025-05-13,17909.1,2025-05-09,0
SH1463,New,Air,Electronics,2025-05-19,2475.09,2025-05-21,0
SH1464,VIP,Air,Clothing,2025-05-19,48113.12,2025-05-17,0
SH1465,VIP,Sea,Furniture,2025-09-25,33725.53,2025-09-29,1
SH1466,New,Road,Electronics,2025-06-17,46727.05,2025-06-19,0
SH1467,Returning,Road,Clothing,2025-07-23,14009.32,2025-07-16,0
SH1468,New,Road,Clothing,2025-10-10,30961.72,2025-10-15,0
SH1469,VIP,Road,Furniture,2025-04-08,34246.5,2025-04-14,0
SH1470,VIP,Air,Electronics,2025-06-20,16559.94,2025-06-18,0
SH1471,Returning,Sea,Electronics,2025-04-18,42557.35,2025-04-22,0
SH1472,VIP,Road,Electronics,2025-02-14,47410.91,2025-02-12,0
SH1473,New,Air,Furniture,2025-04-21,44357.9,2025-04-23,0
SH1474,Returning,Road,Electronics,2025-08-15,37214.28,2025-08-11,0
SH1475,New,Sea,Furniture,2025-06-04,14595.77,2025-05-29,0
SH1476,New,Air,Furniture,2025-11-23,14799.19,2025-11-23,0
SH1477,Returning,Sea,Furniture,2025-08-18,48204.66,2025-08-19,0
SH1478,New,Sea,Clothing,2025-12-23,1503.94,2025-12-23,0
SH1479,VIP,Air,Electronics,2025-02-18,36086.45,2025-02-15,0
SH1480,New,Air,Electronics,2025-08-02,35606.06,2025-08-02,0
SH1481,Returning,Air,Furniture,2025-11-09,31511.79,2025-11-12,0
SH1482,Returning,Air,Furniture,2025-12-17,49515.33,2025-12-18,0
SH1483,Returning,Air,Electronics,2025-09-17,16282.09,2025-09-19,0
SH1484,New,Air,Furniture,2025-10-26,17658.62,2025-10-25,0
SH1485,Returning,Air,Electronics,2025-02-22,4868.03,2025-03-01,1
SH1486,Returning,Road,Clothing,2025-06-17,22697.11,2025-06-14,0
SH1487,New,Sea,Furniture,2025-07-24,13791.38,2025-07-28,0
SH1488,VIP,Air,Electronics,2025-02-08,17825.95,2025-02-15,0
SH1489,New,Road,Furniture,2025-09-06,41894.02,2025-09-10,0
SH1490,Returning,Road,Electronics,2025-05-12,46838.74,2025-05-12,0
SH1491,Returning,Road,Electronics,2025-09-11,10100.92,2025-09-11,0
SH1492,New,Sea,Furniture,2025-09-01,19252.94,2025-09-08,0
SH1493,VIP,Air,Clothing,2025-11-19,46502.9,2025-11-14,0
SH1494,Returning,Road,Electronics,2025-09-27,4028.61,2025-09-25,0
SH1495,Returning,Sea,Electronics,2025-02-12,5525.67,2025-02-12,0
SH1496,Returning,Sea,Electronics,2025-04-04,8976.76,2025-04-12,0
SH1497,New,Sea,Clothing,2025-02-15,30165.43,2025-02-18,0
SH1498,Returning,Road,Clothing,2025-03-13,8373.14,2025-03-11,0
SH1499,VIP,Air,Furniture,2025-03-17,48435.74,2025-03-17,0
SH1500,Returning,Road,Clothing,2025-06-16,22889.01,2025-06-15,0
SH1501,Returning,Road,Furniture,2025-08-12,25574.38,2025-08-11,0
SH1502,VIP,Air,Furniture,2025-03-05,13086.27,2025-03-11,0
SH1503,Returning,Air,Clothing,2025-01-26,24077.05,2025-01-22,0
SH1504,New,Air,Furniture,2025-07-26,33433.77,2025-08-05,1
SH1505,New,Sea,Clothing,2025-01-27,37807.68,2025-02-02,1
SH1506,New,Air,Furniture,2025-09-24,37939.54,2025-10-01,1
SH1507,VIP,Road,Clothing,2025-07-10,29316.66,2025-07-10,0
SH1508,Returning,Air,Clothing,2025-07-21,45313.63,2025-07-22,0
SH1509,New,Road,Furniture,2025-05-11,41052.98,2025-05-06,0
SH1510,VIP,Sea,Electronics,2025-05-01,38095.36,2025-05-01,0
SH1511,Returning,Road,Furniture,2025-08-12,3724.67,2025-08-16,0
SH1512,VIP,Road,Clothing,2025-11-17,1337.02,2025-11-25,0
SH1513,New,Air,Electronics,2025-04-15,11409.92,2025-04-12,0
SH1514,New,Air,Furniture,2025-09-09,33512.66,2025-09-09,0
SH1515,New,Road,Furniture,2025-05-20,21148.68,2025-05-21,0
SH1516,VIP,Air,Furniture,2025-03-19,20717.91,2025-03-15,0
SH1517,VIP,Sea,Electronics,2025-12-05,44344.76,2025-12-09,0
SH1518,New,Sea,Clothing,2025-10-17,44882.58,2025-10-16,0
SH1519,VIP,Air,Furniture,2025-05-22,45549.59,2025-05-23,0
SH1520,New,Sea,Furniture,2025-07-09,16380.03,2025-07-09,0
SH1521,New,Air,Furniture,2025-03-15,34861.73,2025-03-14,0
SH1522,Returning,Road,Furniture,2025-02-14,14310.03,2025-02-15,0
SH1523,VIP,Road,Furniture,2025-03-12,10339.88,2025-03-12,0
SH1524,New,Sea,Clothing,2025-09-07,10046.99,2025-09-07,0
SH1525,New,Air,Clothing,2025-09-13,17763.27,2025-09-12,0
SH1526,VIP,Air,Furniture,2025-02-05,22067.92,2025-02-08,0
SH1527,Returning,Sea,Electronics,2025-04-02,41716.51,2025-04-12,0
SH1528,Returning,Road,Clothing,2025-09-09,6874.66,2025-09-11,0
SH1529,New,Sea,Electronics,2025-06-11,37011.37,2025-06-17,0
SH1530,VIP,Road,Clothing,2025-06-24,27041.29,2025-06-20,0
SH1531,Returning,Air,Furniture,2025-06-01,15109.32,2025-06-03,0
SH1532,VIP,Road,Clothing,2025-04-13,25148.16,2025-04-10,0
SH1533,VIP,Sea,Furniture,2025-07-13,15697.16,2025-07-08,0
SH1534,New,Air,Clothing,2025-02-09,30208.02,2025-02-08,0
SH1535,Returning,Sea,Furniture,2025-08-08,22258.35,2025-08-15,0
SH1536,New,Sea,Furniture,2025-07-04,9055.87,2025-07-10,0
SH1537,Returning,Road,Furniture,2025-02-03,6712.57,2025-02-06,0
SH1538,Returning,Sea,Furniture,2025-12-06,27788.09,2025-12-01,0
SH1539,Returning,Road,Electronics,2025-12-12,45218.24,2025-12-13,0
SH1540,Returning,Air,Furniture,2025-05-08,17853.93,2025-05-11,0
SH1541,Returning,Road,Electronics,2025-06-22,36917.01,2025-06-24,0
SH1542,VIP,Air,Electronics,2025-01-04,33274.41,2024-12-28,0
SH1543,New,Road,Furniture,2025-05-11,46646.19,2025-05-09,0
SH1544,VIP,Sea,Electronics,2025-03-13,41228.07,2025-03-14,0
SH1545,Returning,Road,Clothing,2025-09-17,28763.66,2025-09-21,0
SH1546,New,Road,Furniture,2025-06-22,33194.49,2025-06-14,0
SH1547,Returning,Air,Electronics,2025-10-21,45020.94,2025-10-22,0
SH1548,New,Sea,Furniture,2025-12-15,20576.42,2025-12-17,0
SH1549,VIP,Road,Furniture,2025-05-10,17012.94,2025-05-16,0
SH1550,New,Sea,Furniture,2025-05-06,1529.74,2025-05-11,0
SH1551,New,Road,Electronics,2025-08-02,41501.0,2025-08-06,0
SH1552,New,Road,Clothing,2025-06-17,40248.05,2025-06-16,0
SH1553,New,Sea,Clothing,2025-04-14,6118.27,2025-04-07,0
SH1554,New,Road,Electronics,2025-10-03,29266.01,2025-10-03,0
SH1555,Returning,Sea,Furniture,2025-09-03,23735.1,2025-09-10,0
SH1556,New,Road,Electronics,2025-06-17,6816.75,2025-06-25,0
SH1557,New,Air,Electronics,2025-12-22,49047.84,2025-12-27,0
SH1558,VIP,Sea,Electronics,2025-04-24,11520.1,2025-04-28,0
SH1559,New,Road,Furniture,2025-11-25,4294.47,2025-11-28,0
SH1560,VIP,Road,Electronics,2025-04-26,30147.52,2025-04-26,0
SH1561,Returning,Air,Furniture,2025-12-26,37204.47,2025-12-27,0
SH1562,New,Sea,Electronics,2025-06-01,2589.73,2025-06-11,0
SH1563,VIP,Road,Clothing,2025-04-23,33277.16,2025-04-21,0
SH1564,VIP,Air,Electronics,2025-12-16,27082.3,2025-12-26,0
SH1565,Returning,Road,Electronics,2025-01-08,6059.99,2025-01-08,0
SH1566,New,Sea,Clothing,2025-12-26,9453.67,2026-01-03,1
SH1567,New,Road,Furniture,2025-12-27,28830.74,2025-12-22,0
SH1568,VIP,Road,Furniture,2025-06-21,15521.52,2025-06-25,0
SH1569,New,Road,Electronics,2025-10-27,46977.47,2025-10-26,0
SH1570,VIP,Road,Clothing,2025-09-02,41118.27,2025-08-28,0
SH1571,New,Air,Furniture,2025-05-06,49194.79,2025-05-09,0
SH1572,VIP,Air,Electronics,2025-07-21,13723.87,2025-07-28,0
SH1573,New,Sea,Clothing,2025-09-01,48516.46,2025-08-30,0
SH1574,Returning,Air,Furniture,2025-07-26,22130.46,2025-07-21,0
SH1575,New,Air,Furniture,2025-07-20,18028.42,2025-07-21,0
SH1576,New,Sea,Clothing,2025-09-12,3467.13,2025-09-13,0
SH1577,Returning,Air,Clothing,2025-11-21,3585.5,2025-11-25,0
SH1578,New,Air,Clothing,2025-04-13,34908.55,2025-04-19,0
SH1579,Returning,Sea,Clothing,2025-07-04,23438.52,2025-07-05,0
SH1580,New,Sea,Electronics,2025-03-09,12099.56,2025-03-20,0
SH1581,VIP,Sea,Clothing,2025-11-08,31084.55,2025-11-11,0
SH1582,VIP,Road,Furniture,2025-01-23,13390.05,2025-01-23,0
SH1583,New,Road,Furniture,2025-09-24,29303.96,2025-09-18,0
SH1584,New,Sea,Electronics,2025-08-13,18601.23,2025-08-13,0
SH1585,New,Sea,Furniture,2025-06-27,41354.06,2025-06-27,0
SH1586,VIP,Sea,Furniture,2025-04-08,41214.11,2025-04-14,0
SH1587,New,Road,Clothing,2025-03-09,24390.17,2025-03-13,0
SH1588,VIP,Road,Furniture,2025-02-02,18190.14,2025-01-30,0
SH1589,Returning,Air,Electronics,2025-12-13,18765.43,2025-12-15,0
SH1590,VIP,Air,Clothing,2025-12-23,40480.01,2025-12-28,0
SH1591,VIP,Sea,Clothing,2025-12-26,17080.79,2026-01-04,1
SH1592,Returning,Road,Electronics,2025-04-26,11243.91,2025-05-02,1
SH1593,VIP,Road,Clothing,2025-08-09,5149.73,2025-08-14,0
SH1594,New,Road,Clothing,2025-07-05,23867.96,2025-07-07,0
SH1595,New,Sea,Electronics,2025-08-20,24624.47,2025-08-23,0
SH1596,VIP,Air,Clothing,2025-02-11,42204.53,2025-02-19,0
SH1597,New,Sea,Electronics,2025-12-22,11840.7,2025-12-18,0
SH1598,VIP,Air,Electronics,2025-09-17,19668.57,2025-09-17,0
SH1599,New,Air,Furniture,2025-11-26,40611.88,2025-11-25,0
SH1600,New,Sea,Furniture,2025-12-07,41357.56,2025-12-10,0
SH1601,VIP,Air,Clothing,2025-10-25,19845.94,2025-11-02,1
SH1602,New,Air,Clothing,2025-10-25,23497.08,2025-10-25,0
SH1603,VIP,Road,Electronics,2025-10-27,15861.01,2025-10-18,0
SH1604,New,Air,Clothing,2025-03-11,46695.19,2025-03-11,0
SH1605,New,Sea,Electronics,2025-05-08,6813.54,2025-05-14,0
SH1606,Returning,Sea,Electronics,2025-08-04,46753.72,2025-08-08,0
SH1607,Returning,Air,Clothing,2025-12-11,34509.46,2025-12-15,0
SH1608,VIP,Road,Electronics,2025-11-01,27047.04,2025-11-01,0
SH1609,Returning,Road,Furniture,2025-01-15,2600.29,2025-01-11,0
SH1610,VIP,Air,Clothing,2025-04-06,24304.21,2025-04-10,0
SH1611,Returning,Air,Furniture,2025-08-22,20979.66,2025-08-20,0
SH1612,New,Sea,Clothing,2025-12-25,8899.72,2026-01-06,1
SH1613,VIP,Air,Electronics,2025-09-14,33164.07,2025-09-18,0
SH1614,VIP,Road,Clothing,2025-02-26,48586.39,2025-02-26,0
SH1615,New,Air,Furniture,2025-01-18,28547.25,2025-01-17,0
SH1616,VIP,Sea,Electronics,2025-05-20,36022.91,2025-05-21,0
SH1617,VIP,Sea,Clothing,2025-04-09,4354.07,2025-04-09,0
SH1618,Returning,Sea,Clothing,2025-11-24,21465.68,2025-12-01,1
SH1619,VIP,Sea,Clothing,2025-06-01,6701.57,2025-06-03,0
SH1620,New,Sea,Furniture,2025-02-06,31027.0,2025-02-05,0
SH1621,Returning,Air,Furniture,2025-11-02,46985.63,2025-11-13,0
SH1622,Returning,Air,Clothing,2025-10-21,33427.11,2025-10-23,0
SH1623,New,Air,Electronics,2025-05-06,4763.35,2025-05-11,0
SH1624,New,Air,Electronics,2025-06-22,18378.64,2025-06-21,0
SH1625,Returning,Sea,Furniture,2025-02-14,27982.51,2025-02-17,0
SH1626,VIP,Road,Electronics,2025-10-14,20757.18,2025-10-17,0
SH1627,Returning,Air,Furniture,2025-03-06,41848.56,2025-02-27,0
SH1628,New,Road,Clothing,2025-08-12,40918.88,2025-08-24,0
SH1629,Returning,Air,Furniture,2025-11-12,30979.72,2025-11-20,0
SH1630,New,Air,Furniture,2025-01-17,19299.44,2025-01-17,0
SH1631,Returning,Road,Clothing,2025-11-13,13511.48,2025-11-10,0
SH1632,VIP,Sea,Electronics,2025-02-11,6187.84,2025-02-14,0
SH1633,Returning,Air,Furniture,2025-12-12,18389.99,2025-12-14,0
SH1634,Returning,Air,Furniture,2025-06-09,21245.45,2025-06-12,0
SH1635,New,Air,Clothing,2025-04-03,34115.32,2025-04-05,0
SH1636,New,Road,Electronics,2025-12-16,33249.83,2025-12-20,0
SH1637,New,Sea,Furniture,2025-08-27,4435.3,2025-09-05,1
SH1638,Returning,Road,Clothing,2025-10-25,20367.71,2025-10-29,1
SH1639,VIP,Road,Furniture,2025-12-11,9907.16,2025-12-08,0
SH1640,New,Sea,Clothing,2025-05-25,8683.82,2025-06-02,1
SH1641,New,Road,Electronics,2025-02-19,41537.81,2025-03-01,1
SH1642,Returning,Sea,Electronics,2025-07-23,3053.85,2025-08-09,1
SH1643,New,Air,Electronics,2025-06-22,21539.96,2025-06-19,0
SH1644,VIP,Sea,Electronics,2025-02-26,9241.98,2025-03-01,1
SH1645,VIP,Air,Furniture,2025-06-04,44087.18,2025-05-27,0
SH1646,New,Road,Furniture,2025-12-19,28294.99,2025-12-23,0
SH1647,New,Road,Electronics,2025-11-02,12337.65,2025-11-02,0
SH1648,Returning,Air,Electronics,2025-01-11,25618.94,2025-01-22,0
SH1649,VIP,Road,Electronics,2025-11-21,36842.83,2025-11-20,0
SH1650,VIP,Sea,Furniture,2025-02-02,47947.78,2025-01-27,0
SH1651,New,Air,Electronics,2025-07-08,11801.85,2025-07-08,0
SH1652,Returning,Road,Electronics,2025-10-08,44422.91,2025-10-01,0
SH1653,VIP,Air,Electronics,2025-04-15,46780.9,2025-04-20,0
SH1654,VIP,Sea,Clothing,2025-01-11,45904.61,2025-01-03,0
SH1655,Returning,Sea,Electronics,2025-07-17,32135.3,2025-07-19,0
SH1656,Returning,Road,Clothing,2025-11-20,31861.21,2025-11-12,0
SH1657,VIP,Sea,Clothing,2025-08-18,20757.32,2025-08-18,0
SH1658,VIP,Air,Electronics,2025-06-22,37867.5,2025-07-02,1
SH1659,Returning,Sea,Clothing,2025-12-09,27033.41,2025-12-12,0
SH1660,VIP,Air,Electronics,2025-05-10,34194.47,2025-05-08,0
SH1661,New,Air,Furniture,2025-04-05,21994.44,2025-04-06,0
SH1662,New,Sea,Furniture,2025-12-10,36843.33,2025-12-12,0
SH1663,Returning,Road,Furniture,2025-11-21,41399.1,2025-11-25,0
SH1664,Returning,Sea,Furniture,2025-08-10,8175.38,2025-08-06,0
SH1665,Returning,Air,Clothing,2025-12-08,41813.56,2025-12-12,0
SH1666,New,Air,Electronics,2025-02-23,27474.53,2025-02-12,0
SH1667,VIP,Sea,Electronics,2025-08-16,42388.63,2025-08-15,0
SH1668,New,Road,Electronics,2025-11-22,22133.78,2025-11-22,0
SH1669,VIP,Road,Furniture,2025-05-27,19572.98,2025-06-01,1
SH1670,New,Air,Furniture,2025-09-03,45837.98,2025-09-05,0
SH1671,VIP,Air,Electronics,2025-12-13,13307.29,2025-12-08,0
SH1672,New,Road,Furniture,2025-10-04,42366.4,2025-10-02,0
SH1673,Returning,Sea,Electronics,2025-09-22,24717.01,2025-09-24,0
SH1674,New,Air,Electronics,2025-08-23,26190.68,2025-08-24,0
SH1675,VIP,Air,Electronics,2025-11-02,16114.95,2025-11-02,0
SH1676,New,Road,Electronics,2025-03-01,29079.07,2025-03-01,0
SH1677,New,Sea,Electronics,2025-09-07,16935.35,2025-09-12,0
SH1678,New,Road,Electronics,2025-01-03,2924.2,2025-01-03,0
SH1679,Returning,Sea,Electronics,2025-04-20,14327.93,2025-04-21,0
SH1680,New,Sea,Furniture,2025-05-03,1312.57,2025-05-15,0
SH1681,Returning,Sea,Electronics,2025-03-17,48939.38,2025-03-12,0
SH1682,Returning,Air,Electronics,2025-07-27,48321.61,2025-07-20,0
SH1683,New,Road,Furniture,2025-10-14,20362.61,2025-10-19,0
SH1684,New,Road,Furniture,2025-01-18,36690.17,2025-01-17,0
SH1685,New,Sea,Furniture,2025-04-20,17944.5,2025-04-20,0
SH1686,VIP,Air,Electronics,2025-05-27,33883.56,2025-05-26,0
SH1687,New,Air,Clothing,2025-02-04,40466.07,2025-02-04,0
SH1688,Returning,Road,Clothing,2025-01-18,47391.06,2025-01-27,0
SH1689,New,Air,Furniture,2025-01-26,20610.4,2025-02-01,1
SH1690,VIP,Air,Clothing,2025-10-13,39381.6,2025-10-19,0
SH1691,New,Sea,Furniture,2025-04-20,14030.49,2025-04-15,0
SH1692,VIP,Air,Electronics,2025-07-10,49526.28,2025-07-07,0
SH1693,VIP,Sea,Clothing,2025-11-11,2262.71,2025-10-30,0
SH1694,New,Road,Electronics,2025-09-09,30572.91,2025-09-07,0
SH1695,Returning,Air,Clothing,2025-05-26,33315.79,2025-06-01,1
SH1696,VIP,Road,Electronics,2025-01-17,34714.23,2025-01-21,0
SH1697,New,Road,Clothing,2025-06-02,6898.99,2025-06-02,0
SH1698,New,Air,Electronics,2025-08-13,46987.96,2025-08-14,0
SH1699,Returning,Air,Electronics,2025-09-04,9877.98,2025-09-03,0
SH1700,VIP,Road,Clothing,2025-05-11,31514.92,2025-05-14,0
SH1701,VIP,Air,Electronics,2025-08-19,11911.13,2025-08-24,0
SH1702,New,Sea,Electronics,2025-05-03,16053.6,2025-04-27,0
SH1703,New,Sea,Electronics,2025-12-26,27776.47,2025-12-29,1
SH1704,Returning,Air,Clothing,2025-03-19,21442.48,2025-03-25,0
SH1705,Returning,Road,Clothing,2025-12-07,8851.05,2025-12-07,0
SH1706,VIP,Air,Electronics,2025-07-07,9375.88,2025-07-12,0
SH1707,VIP,Air,Electronics,2025-10-08,21489.09,2025-10-24,0
SH1708,New,Road,Clothing,2025-05-21,38106.87,2025-05-22,0
SH1709,VIP,Road,Clothing,2025-04-23,45000.27,2025-04-26,0
SH1710,Returning,Sea,Electronics,2025-10-20,5122.26,2025-10-19,0
SH1711,Returning,Road,Electronics,2025-02-20,20262.09,2025-02-22,0
SH1712,New,Sea,Electronics,2025-08-09,5912.03,2025-08-13,0
SH1713,Returning,Road,Furniture,2025-03-16,1813.03,2025-03-18,0
SH1714,Returning,Air,Clothing,2025-07-14,33424.22,2025-07-11,0
SH1715,Returning,Sea,Furniture,2025-12-14,30520.02,2025-12-17,0
SH1716,Returning,Sea,Clothing,2025-09-27,8987.94,2025-10-06,1
SH1717,New,Sea,Clothing,2025-04-26,12456.83,2025-04-30,1
SH1718,New,Air,Clothing,2025-03-05,2161.68,2025-03-11,0
SH1719,VIP,Air,Clothing,2025-01-03,41912.41,2025-01-03,0
SH1720,Returning,Air,Clothing,2025-08-27,48759.84,2025-09-01,1
SH1721,VIP,Air,Clothing,2025-08-04,7637.52,2025-08-07,0
SH1722,New,Air,Clothing,2025-02-24,12342.29,2025-02-22,0
SH1723,New,Sea,Furniture,2025-08-10,43552.07,2025-08-13,0
SH1724,New,Air,Electronics,2025-04-03,46396.73,2025-04-01,0
SH1725,New,Sea,Electronics,2025-02-25,21561.74,2025-02-24,0
SH1726,New,Air,Furniture,2025-01-23,3480.5,2025-01-25,0
SH1727,New,Road,Furniture,2025-05-24,2930.2,2025-05-27,0
SH1728,New,Sea,Furniture,2025-04-23,29123.54,2025-04-20,0
SH1729,Returning,Road,Furniture,2025-05-21,20251.86,2025-05-28,0
SH1730,VIP,Sea,Clothing,2025-09-25,2403.97,2025-09-29,1
SH1731,New,Road,Electronics,2025-09-22,29579.37,2025-09-21,0
SH1732,Returning,Air,Clothing,2025-06-05,1553.82,2025-05-31,0
SH1733,Returning,Air,Electronics,2025-09-10,39581.23,2025-09-11,0
SH1734,VIP,Air,Electronics,2025-08-07,16015.21,2025-08-07,0
SH1735,New,Sea,Furniture,2025-07-06,2972.64,2025-07-08,0
SH1736,VIP,Road,Clothing,2025-05-20,29829.26,2025-05-20,0
SH1737,New,Air,Furniture,2025-03-19,20486.54,2025-03-11,0
SH1738,Returning,Road,Clothing,2025-06-15,48716.22,2025-06-15,0
SH1739,Returning,Road,Electronics,2025-04-12,27665.73,2025-04-12,0
SH1740,Returning,Air,Furniture,2025-06-19,14486.72,2025-06-24,0
SH1741,Returning,Air,Furniture,2025-04-15,35762.5,2025-04-14,0
SH1742,VIP,Road,Electronics,2025-09-05,14303.11,2025-09-15,0
SH1743,New,Air,Electronics,2025-07-26,45307.92,2025-07-19,0
SH1744,New,Air,Electronics,2025-02-05,19361.38,2025-02-13,0
SH1745,VIP,Air,Furniture,2025-09-16,27943.56,2025-09-16,0
SH1746,New,Sea,Clothing,2025-11-19,3478.08,2025-11-25,0
SH1747,Returning,Road,Furniture,2025-09-16,21879.94,2025-09-18,0
SH1748,New,Road,Clothing,2025-11-15,41785.81,2025-11-22,0
SH1749,Returning,Sea,Furniture,2025-06-04,40476.79,2025-06-04,0
SH1750,VIP,Road,Furniture,2025-07-16,11991.61,2025-07-13,0
SH1751,New,Air,Electronics,2025-08-22,12077.87,2025-08-31,1
SH1752,VIP,Road,Clothing,2025-05-22,41047.96,2025-05-23,0
SH1753,New,Air,Furniture,2025-05-08,46589.52,2025-05-11,0
SH1754,Returning,Sea,Furniture,2025-01-16,5672.69,2025-01-24,0
SH1755,VIP,Air,Electronics,2025-11-23,23052.87,2025-11-20,0
SH1756,New,Road,Electronics,2025-10-10,17535.26,2025-10-14,0
SH1757,Returning,Road,Clothing,2025-11-02,43663.73,2025-11-02,0
SH1758,VIP,Road,Furniture,2025-09-17,5092.72,2025-09-18,0
SH1759,VIP,Sea,Clothing,2025-11-10,11345.17,2025-11-12,0
SH1760,New,Sea,Furniture,2025-06-25,37870.95,2025-06-20,0
SH1761,New,Road,Clothing,2025-01-04,3513.4,2025-01-03,0
SH1762,New,Air,Electronics,2025-04-15,25134.23,2025-04-23,0
SH1763,Returning,Sea,Furniture,2025-09-27,22663.24,2025-10-03,1
SH1764,New,Road,Clothing,2025-05-05,17385.66,2025-05-06,0
SH1765,VIP,Road,Electronics,2025-06-17,20334.04,2025-06-20,0
SH1766,VIP,Sea,Electronics,2025-01-25,26967.09,2025-01-25,0
SH1767,New,Sea,Clothing,2025-03-04,8907.0,2025-03-12,0
SH1768,New,Sea,Furniture,2025-01-09,29027.8,2025-01-09,0
SH1769,VIP,Air,Furniture,2025-08-02,40466.18,2025-08-05,0
SH1770,Returning,Air,Electronics,2025-08-15,38247.89,2025-08-22,0
SH1771,New,Road,Furniture,2025-07-27,8541.1,2025-07-26,0
SH1772,New,Sea,Furniture,2025-06-01,8313.22,2025-06-10,0
SH1773,VIP,Air,Furniture,2025-07-26,14140.54,2025-07-21,0
SH1774,New,Sea,Electronics,2025-07-25,18692.66,2025-08-04,1
SH1775,Returning,Road,Clothing,2025-01-02,21014.32,2025-01-02,0
SH1776,VIP,Air,Furniture,2025-11-09,34305.16,2025-11-09,0
SH1777,New,Air,Electronics,2025-09-13,3777.34,2025-09-06,0
SH1778,VIP,Air,Electronics,2025-06-06,2698.96,2025-06-06,0
SH1779,New,Road,Clothing,2025-04-20,20203.62,2025-04-17,0
SH1780,New,Sea,Furniture,2025-05-03,35161.02,2025-05-02,0
SH1781,New,Air,Furniture,2025-01-17,10478.33,2025-01-18,0
SH1782,Returning,Road,Clothing,2025-12-16,32433.72,2025-12-22,0
SH1783,Returning,Sea,Clothing,2025-07-01,13731.58,2025-07-04,0
SH1784,VIP,Road,Electronics,2025-01-03,44418.22,2025-01-06,0
SH1785,New,Sea,Electronics,2025-10-15,44888.81,2025-10-12,0
SH1786,New,Road,Clothing,2025-04-04,15567.07,2025-04-02,0
SH1787,Returning,Sea,Furniture,2025-02-17,12269.69,2025-02-27,0
SH1788,New,Air,Electronics,2025-03-11,21153.89,2025-03-10,0
SH1789,Returning,Sea,Electronics,2025-04-03,12786.05,2025-04-13,0
SH1790,New,Road,Furniture,2025-08-14,33946.81,2025-08-14,0
SH1791,VIP,Road,Electronics,2025-10-01,41477.17,2025-10-03,0
SH1792,New,Sea,Furniture,2025-02-23,33981.51,2025-03-02,1
SH1793,New,Air,Furniture,2025-04-24,41393.17,2025-05-02,1
SH1794,Returning,Air,Furniture,2025-11-19,20452.62,2025-11-20,0
SH1795,New,Sea,Clothing,2025-06-25,8659.53,2025-06-25,0
SH1796,New,Sea,Clothing,2025-01-17,37159.6,2025-01-18,0
SH1797,Returning,Road,Clothing,2025-08-19,18663.25,2025-08-22,0
SH1798,VIP,Air,Furniture,2025-05-01,33892.27,2025-05-07,0
SH1799,VIP,Sea,Furniture,2025-05-27,14261.55,2025-05-29,1
SH1800,Returning,Air,Clothing,2025-06-08,4980.25,2025-06-13,0
SH1801,Returning,Sea,Electronics,2025-03-19,49636.51,2025-03-29,1
SH1802,Returning,Sea,Furniture,2025-12-16,8653.87,2025-12-19,0
SH1803,Returning,Air,Electronics,2025-11-11,49432.63,2025-11-14,0
SH1804,Returning,Sea,Electronics,2025-10-25,48886.72,2025-10-20,0
SH1805,VIP,Sea,Furniture,2025-04-04,39897.09,2025-03-24,0
SH1806,VIP,Road,Furniture,2025-12-23,33311.73,2025-12-26,0
SH1807,Returning,Sea,Electronics,2025-02-24,29312.55,2025-02-25,0
SH1808,New,Sea,Electronics,2025-06-19,43438.98,2025-06-19,0
SH1809,Returning,Sea,Clothing,2025-09-05,15182.54,2025-09-08,0
SH1810,New,Road,Clothing,2025-08-07,23916.38,2025-08-08,0
SH1811,Returning,Air,Furniture,2025-08-23,31350.11,2025-08-30,1
SH1812,Returning,Road,Clothing,2025-03-18,21148.33,2025-03-20,0
SH1813,VIP,Road,Clothing,2025-07-19,21946.84,2025-07-18,0
SH1814,New,Air,Clothing,2025-03-18,17183.95,2025-03-24,0
SH1815,New,Road,Clothing,2025-04-16,28647.36,2025-04-16,0
SH1816,VIP,Air,Electronics,2025-08-01,42678.15,2025-08-05,0
SH1817,VIP,Road,Furniture,2025-01-12,10874.89,2025-01-12,0
SH1818,VIP,Air,Clothing,2025-05-11,46787.22,2025-05-10,0
SH1819,VIP,Sea,Electronics,2025-05-27,34765.3,2025-05-29,1
SH1820,New,Road,Electronics,2025-12-17,41340.39,2025-12-19,0
SH1821,New,Road,Electronics,2025-06-01,28253.34,2025-06-05,0
SH1822,Returning,Road,Clothing,2025-05-25,39196.32,2025-05-25,0
SH1823,Returning,Road,Clothing,2025-12-14,1793.82,2025-12-07,0
SH1824,VIP,Sea,Furniture,2025-05-22,41100.64,2025-05-22,0
SH1825,VIP,Road,Clothing,2025-08-27,2966.8,2025-09-01,1
SH1826,VIP,Sea,Clothing,2025-01-18,44605.76,2025-01-18,0
SH1827,Returning,Sea,Electronics,2025-09-19,49606.17,2025-09-19,0
SH1828,Returning,Sea,Furniture,2025-06-05,15409.31,2025-06-11,0
SH1829,Returning,Sea,Clothing,2025-11-02,11305.61,2025-11-01,0
SH1830,Returning,Air,Clothing,2025-07-04,38502.8,2025-06-29,0
SH1831,Returning,Air,Electronics,2025-01-13,13398.29,2025-01-14,0
SH1832,Returning,Road,Electronics,2025-04-22,43412.56,2025-04-22,0
SH1833,Returning,Air,Clothing,2025-07-15,6039.29,2025-07-13,0
SH1834,VIP,Air,Furniture,2025-07-14,7171.8,2025-07-15,0
SH1835,VIP,Road,Furniture,2025-07-19,48978.43,2025-07-23,0
SH1836,VIP,Road,Electronics,2025-06-24,34018.11,2025-06-25,0
SH1837,VIP,Road,Electronics,2025-04-24,42497.47,2025-04-27,0
SH1838,Returning,Air,Clothing,2025-02-10,16892.14,2025-02-21,0
SH1839,New,Air,Electronics,2025-09-25,34147.7,2025-09-25,0
SH1840,Returning,Road,Clothing,2025-08-26,30117.85,2025-08-29,1
SH1841,New,Sea,Furniture,2025-10-17,30554.36,2025-10-17,0
SH1842,VIP,Road,Furniture,2025-02-06,34444.09,2025-02-04,0
SH1843,Returning,Sea,Clothing,2025-10-05,29192.6,2025-10-05,0
SH1844,VIP,Sea,Electronics,2025-12-09,22024.06,2025-12-09,0
SH1845,Returning,Road,Furniture,2025-05-18,14520.21,2025-05-21,0
SH1846,VIP,Road,Electronics,2025-10-20,38660.49,2025-11-02,1
SH1847,New,Road,Furniture,2025-09-17,12087.35,2025-09-16,0
SH1848,New,Air,Clothing,2025-11-17,34925.36,2025-11-17,0
SH1849,New,Sea,Clothing,2025-12-07,12433.31,2025-12-08,0
SH1850,Returning,Air,Clothing,2025-11-03,31641.18,2025-11-06,0
SH1851,New,Air,Furniture,2025-10-02,37606.84,2025-10-05,0
SH1852,Returning,Road,Electronics,2025-09-03,11716.98,2025-09-11,0
SH1853,New,Air,Electronics,2025-02-24,3937.22,2025-02-14,0
SH1854,New,Road,Electronics,2025-10-06,7417.71,2025-09-27,0
SH1855,Returning,Sea,Furniture,2025-06-26,30693.85,2025-06-26,0
SH1856,Returning,Road,Furniture,2025-11-23,42622.87,2025-11-30,1
SH1857,New,Air,Furniture,2025-07-27,3204.84,2025-07-22,0
SH1858,Returning,Air,Furniture,2025-06-20,36973.41,2025-06-07,0
SH1859,New,Road,Furniture,2025-11-09,17724.61,2025-11-13,0
SH1860,Returning,Road,Electronics,2025-06-20,24447.89,2025-06-23,0
SH1861,VIP,Air,Furniture,2025-12-19,46514.12,2025-12-16,0
SH1862,VIP,Sea,Furniture,2025-04-03,17266.6,2025-04-01,0
SH1863,VIP,Sea,Electronics,2025-02-21,23801.51,2025-02-19,0
SH1864,VIP,Road,Furniture,2025-02-22,1670.44,2025-02-24,0
SH1865,VIP,Sea,Electronics,2025-03-06,4998.34,2025-03-05,0
SH1866,New,Air,Electronics,2025-11-10,13670.99,2025-11-14,0
SH1867,VIP,Road,Clothing,2025-09-01,2364.76,2025-08-20,0
SH1868,VIP,Air,Clothing,2025-06-09,31937.39,2025-06-07,0
SH1869,VIP,Air,Clothing,2025-11-04,21893.52,2025-11-01,0
SH1870,VIP,Sea,Clothing,2025-11-02,27859.11,2025-11-02,0
SH1871,Returning,Road,Furniture,2025-04-01,9557.71,2025-04-01,0
SH1872,New,Road,Clothing,2025-03-26,15500.67,2025-03-31,1
SH1873,VIP,Sea,Electronics,2025-09-10,33527.4,2025-09-03,0
SH1874,VIP,Air,Furniture,2025-05-15,48299.83,2025-05-17,0
SH1875,VIP,Air,Clothing,2025-11-22,3470.42,2025-11-26,0
SH1876,New,Air,Electronics,2025-03-16,44628.83,2025-03-27,0
SH1877,Returning,Air,Furniture,2025-05-27,29267.18,2025-05-27,0
SH1878,New,Road,Furniture,2025-08-22,28632.06,2025-08-25,0
SH1879,Returning,Road,Clothing,2025-04-02,25513.65,2025-03-26,0
SH1880,VIP,Sea,Furniture,2025-09-13,4400.31,2025-09-04,0
SH1881,VIP,Sea,Electronics,2025-12-01,5403.97,2025-12-07,0
SH1882,New,Road,Furniture,2025-01-13,30444.69,2025-01-14,0
SH1883,New,Road,Electronics,2025-04-07,17706.97,2025-04-14,0
SH1884,Returning,Air,Furniture,2025-01-09,45946.14,2025-01-05,0
SH1885,Returning,Air,Clothing,2025-04-19,20922.94,2025-04-23,0
SH1886,New,Sea,Electronics,2025-01-10,8020.79,2025-01-21,0
SH1887,Returning,Road,Furniture,2025-04-09,36021.22,2025-04-13,0
SH1888,New,Sea,Furniture,2025-10-06,15374.32,2025-10-09,0
SH1889,Returning,Road,Furniture,2025-06-17,26748.05,2025-06-19,0
SH1890,New,Air,Electronics,2025-10-18,35193.81,2025-10-13,0
SH1891,New,Sea,Electronics,2025-11-22,45112.94,2025-11-30,1
SH1892,New,Sea,Electronics,2025-02-03,39817.37,2025-02-02,0
SH1893,Returning,Road,Clothing,2025-04-27,34141.69,2025-05-01,1
SH1894,Returning,Air,Clothing,2025-05-25,34302.03,2025-05-20,0
SH1895,Returning,Sea,Electronics,2025-12-15,47350.31,2025-12-12,0
SH1896,New,Air,Furniture,2025-04-27,15495.38,2025-05-06,1
SH1897,Returning,Sea,Clothing,2025-09-27,1054.49,2025-09-27,0
SH1898,Returning,Air,Electronics,2025-10-19,14325.77,2025-10-28,0
SH1899,New,Road,Furniture,2025-08-17,11676.68,2025-08-18,0
SH1900,VIP,Sea,Clothing,2025-11-25,33429.89,2025-11-18,0
SH1901,New,Sea,Furniture,2025-09-10,32051.87,2025-09-16,0
SH1902,Returning,Air,Furniture,2025-02-20,30079.61,2025-02-20,0
SH1903,New,Air,Furniture,2025-08-07,1795.93,2025-08-12,0
SH1904,VIP,Sea,Furniture,2025-01-21,36710.12,2025-01-23,0
SH1905,New,Road,Clothing,2025-07-15,16852.99,2025-07-10,0
SH1906,Returning,Air,Clothing,2025-04-15,33587.74,2025-04-17,0
SH1907,VIP,Air,Clothing,2025-01-25,28272.34,2025-02-06,1
SH1908,Returning,Air,Electronics,2025-05-11,17793.82,2025-05-15,0
SH1909,VIP,Sea,Clothing,2025-02-08,7594.24,2025-02-09,0
SH1910,VIP,Sea,Furniture,2025-11-18,5626.53,2025-11-25,0
SH1911,New,Sea,Clothing,2025-03-26,41744.4,2025-03-29,1
SH1912,New,Sea,Furniture,2025-01-11,46001.48,2025-01-14,0
SH1913,Returning,Road,Electronics,2025-02-16,32839.61,2025-02-13,0
SH1914,New,Road,Furniture,2025-07-10,6068.27,2025-07-13,0
SH1915,New,Sea,Furniture,2025-02-06,20699.33,2025-02-13,0
SH1916,VIP,Road,Furniture,2025-03-04,36718.02,2025-03-02,0
SH1917,New,Air,Electronics,2025-11-13,39211.22,2025-11-22,0
SH1918,VIP,Air,Clothing,2025-08-14,6792.71,2025-08-15,0
SH1919,VIP,Air,Clothing,2025-03-10,1001.51,2025-03-08,0
SH1920,VIP,Sea,Electronics,2025-06-01,35894.72,2025-06-07,0
SH1921,Returning,Air,Furniture,2025-07-24,18473.21,2025-07-24,0
SH1922,Returning,Road,Clothing,2025-11-14,13469.59,2025-11-19,0
SH1923,Returning,Sea,Electronics,2025-08-19,1631.98,2025-08-19,0
SH1924,VIP,Road,Clothing,2025-10-17,27474.67,2025-10-18,0
SH1925,Returning,Air,Electronics,2025-09-06,42706.39,2025-09-10,0
SH1926,Returning,Air,Furniture,2025-11-25,47923.95,2025-11-28,0
SH1927,New,Air,Clothing,2025-07-17,28721.5,2025-07-10,0
SH1928,Returning,Sea,Electronics,2025-12-01,26208.61,2025-11-28,0
SH1929,Returning,Road,Clothing,2025-06-05,5167.76,2025-06-11,0
SH1930,VIP,Sea,Clothing,2025-09-18,27894.77,2025-09-19,0
SH1931,VIP,Sea,Clothing,2025-08-27,19618.97,2025-08-27,0
SH1932,VIP,Air,Clothing,2025-05-02,30749.63,2025-04-28,0
SH1933,VIP,Sea,Electronics,2025-10-11,20047.59,2025-10-08,0
SH1934,VIP,Sea,Furniture,2025-11-06,12774.66,2025-10-29,0
SH1935,VIP,Air,Electronics,2025-10-08,5653.3,2025-10-09,0
SH1936,Returning,Sea,Electronics,2025-04-18,16431.0,2025-04-18,0
SH1937,VIP,Air,Electronics,2025-12-11,5735.6,2025-12-09,0
SH1938,VIP,Air,Furniture,2025-05-15,9667.95,2025-05-16,0
SH1939,New,Air,Clothing,2025-12-18,49379.47,2025-12-21,0
SH1940,Returning,Air,Clothing,2025-02-22,22761.07,2025-03-06,1
SH1941,Returning,Sea,Clothing,2025-11-26,27061.72,2025-11-21,0
SH1942,Returning,Air,Furniture,2025-09-13,43807.31,2025-09-20,0
SH1943,VIP,Air,Clothing,2025-04-22,49782.88,2025-04-28,0
SH1944,VIP,Sea,Furniture,2025-07-11,29553.01,2025-07-10,0
SH1945,VIP,Sea,Clothing,2025-06-24,40811.22,2025-06-27,0
SH1946,New,Road,Clothing,2025-04-15,17020.11,2025-04-15,0
SH1947,VIP,Sea,Electronics,2025-01-23,15981.45,2025-01-25,0
SH1948,New,Sea,Furniture,2025-03-14,20732.48,2025-03-23,0
SH1949,Returning,Road,Electronics,2025-06-18,33952.86,2025-06-23,0
SH1950,VIP,Sea,Electronics,2025-09-01,34427.39,2025-09-05,0
SH1951,New,Sea,Electronics,2025-06-06,16446.73,2025-06-06,0
SH1952,New,Sea,Furniture,2025-05-16,7527.29,2025-05-11,0
SH1953,VIP,Sea,Furniture,2025-05-17,31987.42,2025-05-17,0
SH1954,Returning,Road,Clothing,2025-10-21,7287.97,2025-10-29,1
SH1955,Returning,Sea,Electronics,2025-02-07,29346.13,2025-02-02,0
SH1956,Returning,Sea,Clothing,2025-03-13,34977.68,2025-03-10,0
SH1957,New,Road,Electronics,2025-04-19,35329.96,2025-04-21,0
SH1958,New,Air,Furniture,2025-03-04,37920.13,2025-03-02,0
SH1959,New,Road,Furniture,2025-05-01,43770.11,2025-04-30,0
SH1960,New,Air,Furniture,2025-04-12,25497.99,2025-04-12,0
SH1961,Returning,Road,Electronics,2025-12-27,36782.21,2025-12-23,0
SH1962,VIP,Road,Furniture,2025-08-10,31339.46,2025-08-08,0
SH1963,New,Sea,Electronics,2025-07-25,10145.36,2025-07-30,1
SH1964,New,Air,Clothing,2025-05-26,2258.79,2025-05-22,0
SH1965,Returning,Sea,Electronics,2025-04-24,14942.53,2025-04-19,0
SH1966,VIP,Air,Clothing,2025-09-13,22708.65,2025-09-12,0
SH1967,VIP,Road,Electronics,2025-07-14,31238.19,2025-07-19,0
SH1968,Returning,Road,Clothing,2025-07-05,42648.01,2025-07-06,0
SH1969,Returning,Air,Furniture,2025-04-14,10616.04,2025-04-14,0
SH1970,VIP,Sea,Clothing,2025-10-17,7151.94,2025-10-19,0
SH1971,New,Sea,Furniture,2025-10-26,48210.52,2025-10-20,0
SH1972,VIP,Sea,Furniture,2025-07-16,6294.18,2025-07-20,0
SH1973,Returning,Sea,Clothing,2025-01-17,24446.06,2025-01-20,0
SH1974,New,Road,Electronics,2025-05-09,29692.62,2025-05-09,0
SH1975,New,Road,Electronics,2025-06-19,27527.35,2025-06-26,0
SH1976,Returning,Road,Electronics,2025-03-07,5215.58,2025-03-04,0
SH1977,Returning,Road,Electronics,2025-06-09,3794.32,2025-06-16,0
SH1978,Returning,Road,Electronics,2025-06-05,6168.69,2025-06-07,0
SH1979,VIP,Sea,Furniture,2025-10-23,29693.8,2025-10-23,0
SH1980,VIP,Sea,Electronics,2025-01-12,27672.9,2025-01-13,0
SH1981,New,Sea,Furniture,2025-07-16,12453.3,2025-07-17,0
SH1982,Returning,Sea,Furniture,2025-03-25,32250.93,2025-04-02,1
SH1983,New,Road,Furniture,2025-06-09,41183.31,2025-06-06,0
SH1984,New,Road,Clothing,2025-05-23,3037.37,2025-05-22,0
SH1985,New,Road,Clothing,2025-04-15,25408.37,2025-04-22,0
SH1986,New,Air,Furniture,2025-07-13,34776.21,2025-07-13,0
SH1987,Returning,Sea,Clothing,2025-01-23,13363.28,2025-01-29,1
SH1988,New,Sea,Electronics,2025-08-21,16080.77,2025-08-31,1
SH1989,Returning,Road,Electronics,2025-02-05,31068.26,2025-02-05,0
SH1990,Returning,Sea,Furniture,2025-06-12,44998.83,2025-06-17,0
SH1991,VIP,Sea,Electronics,2025-02-22,40686.3,2025-02-19,0
SH1992,Returning,Road,Furniture,2025-06-01,29573.38,2025-06-06,0
SH1993,VIP,Air,Furniture,2025-01-11,36780.86,2025-01-13,0
SH1994,Returning,Air,Electronics,2025-10-19,18876.3,2025-10-23,0
SH1995,Returning,Air,Clothing,2025-10-10,32407.31,2025-10-09,0
SH1996,Returning,Road,Electronics,2025-12-19,23842.9,2025-12-13,0
SH1997,VIP,Sea,Electronics,2025-04-02,10306.87,2025-04-06,0
SH1998,VIP,Road,Furniture,2025-09-10,35385.18,2025-09-02,0
SH1999,New,Road,Furniture,2025-12-11,28266.77,2025-12-11,0
